{"fit_time": 0.585629940032959, "score_time": 0.16336455345153808, "test_roc_auc": 0.6885950355548114, "test_accuracy": 0.9198412161132339, "test_precision": 0.3925087262395975, "test_recall": 0.14320261437908496, "test_f1": 0.19745042090427006, "roc_auc_oot": 0.8336792883211679}